Test Subject,Vader Model Negative,Vader Model Neutral,Vader Model Positive,Vader Model Overall,Roberto Model Negative,Roberto Model Neutral,Roberto Model Positive
1,0.043,0.749,0.208,0.9886,0.014234501,0.17262203,0.8131435
2,0.0,1.0,0.0,0.0,0.4582291,0.5214918,0.020279067
3,0.031,0.642,0.327,0.9994,0.10274978,0.46422973,0.43302053
4,0.0,0.526,0.474,0.6597,0.0196285,0.3317672,0.6486043
5,0.035,0.817,0.148,0.9501,0.067354254,0.24709095,0.68555486
6,0.0,0.0,0.0,0.0,0.2582943,0.4512724,0.29043332
